ra,dec
163.9402757,-82.27800862
160.3870549,-76.04046052
135.4216223,-77.93271753
142.8545558,-73.74725696
147.6715273,-71.78330347
147.671284,-71.78274489
147.2518214,-71.6342075
142.6309031,-70.69654323
139.6958342,-70.61461125
129.1143682,-74.35423441