ra,dec
163.9402757,-82.27800862
160.3870549,-76.04046052
135.4216223,-77.93271753